{
  "accuracy": 0.9974433893352812,
  "weighted_precision": 0.9974574808901261,
  "weighted_recall": 0.9974433893352812,
  "weighted_f1": 0.9974438814779787,
  "confusion_matrix": [
    [
      1263,
      0
    ],
    [
      7,
      1468
    ]
  ],
  "labels": [
    "0",
    "1"
  ]
}